[
  {"image": "./assets/airplane/abhilash.jpg", "name": "Abhilash"},
  {"image": "./assets/airplane/aleks.png", "name": "Aleksander"},
  {"image": "./assets/airplane/dongphil.jpg", "name": "Dong Phil"},
  {"image": "./assets/airplane/hemaswi.jpeg", "name": "Hemaswi"},
  {"image": "./assets/airplane/michael.jpg", "name": "Michael"},
  {"image": "./assets/airplane/saahiil.png", "name": "Saahiil"},
  {"image": "./assets/airplane/sanket.jpg", "name": "Sanket"},
  {"image": "./assets/airplane/tanvi.jpg", "name": "Tanvi"},
  {"image": "./assets/airplane/tom.jpeg", "name": "Tom"}
]
